Project,full-name,URL,Description,Stars,Forks,Primary Language,Latest-commit-time,App,Cloud,Edge,Device,Target,Type,LOC,Primary Language LOC,CodeComplexity,Diff-Test-Language,Multi-Test-Language,PythonTestFile,PythonMockFile,PythonMockRate,PythonTestCases,PythonTestLOC,JSTestFile,JSMockFile,JSMockRate,JSTestCases,JSTestLOC,JavaTestFile,JavaMockFile,JavaMockRate,JavaTestCases,JavaTestLOC_w/o,JavaTestLOC_with,PJJTotalCases,PJJTotalCaseLOC,Density,PJJTestFiles
amazon-dash,Nekmo/amazon-dash,https://github.com/Nekmo/amazon-dash,Hack your Amazon Dash to run what you want.,755,67,Python,2022-05-18T22:18:43Z,0,0,1,0,Device,App,4949,2959,150,0,0,8,3,0.375,118,649,0,0,0,0,0,0,0,0,0,0,0,118,649,6.625577812,8
device-os,particle-iot/device-os,https://github.com/particle-iot/device-os,Device OS (Firmware) for Particle Devices,1k,532,C++,2022-06-23T19:09:07Z,0,0,0,1,Device,OS,183057,102257,16754,1,0,0,0,0,0,0,9,0,0,35,237,0,0,0,0,0,0,35,237,771.3924051,9
ditto,eclipse/ditto,https://github.com/eclipse/ditto,Eclipse Ditto邃?: Digital Twin framework of Eclipse IoT. Some may alternatively name it digital shadow instead.,375,135,Java,2022-06-22T11:00:49Z,0,0,0,0,Cloud,Framework,488497,372633,14317,0,0,0,0,0,0,0,0,0,0,0,0,1213,172,0.141797197,8432,83971,125617,8432,83971,4.817448881,1213
embarc_osp,foss-for-synopsys-dwc-arc-processors/embarc_osp,https://github.com/foss-for-synopsys-dwc-arc-processors/embarc_osp,embARC Open Software Platform (OSP) - An embedded software distribution for IoT and other embedded applications for ARC,54,54,C,2021-12-21T08:46:25Z,0,0,1,1,App,Platform,468876,318608,45240,1,0,2,0,0,8,93,0,0,0,0,0,0,0,0,0,0,0,8,93,5040.677419,2
HAP-python,ikalchev/HAP-python,https://github.com/ikalchev/HAP-python,A python implementation of the HomeKit Accessory Protocol (HAP),468,106,Python,2022-01-11T20:39:37Z,0,0,1,1,Device,Protocol,12829,9364,278,0,0,16,0,0,116,3304,0,0,0,0,0,0,0,0,0,0,0,116,3304,2.882869249,16
hawkbit,eclipse/hawkbit,https://github.com/eclipse/hawkbit,Eclipse hawkBit邃?,330,154,Java,2022-06-10T16:28:59Z,0,0,0,0,Edge,Server,140405,114258,4692,0,0,0,0,0,0,0,0,0,0,0,0,143,28,0.1958041958,1366,24083,25263,1366,24083,4.830046091,143
hono,eclipse/hono,https://github.com/eclipse/hono,Eclipse Hono邃? Project,377,127,Java,2022-06-22T08:23:27Z,0,0,1,0,Cloud,App,150737,106883,5877,0,0,0,0,0,0,0,0,0,0,0,0,238,114,0.4789915966,1320,20861,20681,1320,20861,6.225780164,238
iotagent-json,telefonicaid/iotagent-json,https://github.com/telefonicaid/iotagent-json,"IoT Agent for a JSON based protocol (with HTTP, MQTT and AMQP transports)",36,75,JavaScript,2022-06-15T06:42:30Z,0,0,1,0,Edge,Agent,13346,7096,406,0,0,0,0,0,0,0,20,15,0.75,108,1167,0,0,0,0,0,0,108,1167,10.4361611,20
iotagent-node-lib,telefonicaid/iotagent-node-lib,https://github.com/telefonicaid/iotagent-node-lib,Module to enable IoT Agent developers to build custom agents for their devices that can easily connect to NGSI Context Brokers,52,69,JavaScript,2022-06-23T09:19:21Z,0,0,1,0,Edge,Component,50287,37077,2140,0,0,0,0,0,0,0,83,28,0.3373493976,715,6882,0,0,0,0,0,0,715,6882,6.307032839,83
iotagent-ul,telefonicaid/iotagent-ul,https://github.com/telefonicaid/iotagent-ul,"IoT Agent for a UltraLight 2.0 based protocol (with HTTP, MQTT and AMQP transports)",32,50,JavaScript,2022-06-15T06:40:38Z,0,0,1,0,Edge,Agent,10895,6363,401,0,0,0,0,0,0,0,14,7,0.5,124,1102,0,0,0,0,0,0,124,1102,8.886569873,14
iotedgedev,Azure/iotedgedev,https://github.com/Azure/iotedgedev,The Azure IoT Edge Dev Tool greatly simplifies your Azure IoT Edge development process. It has everything you need to get started and helps with your day-to-day Edge development.,136,62,Python,2022-06-15T09:38:30Z,0,0,0,0,Edge,Other,10686,5181,538,0,0,16,8,0.5,126,1067,0,0,0,0,0,0,0,0,0,0,0,126,1067,9.014995314,16
iot-edge-v1,Azure/iot-edge-v1,https://github.com/Azure/iot-edge-v1,Azure IoT Edge,521,268,C,2019-03-26T20:39:59Z,0,0,1,0,Edge,Edge,119345,49611,5393,1,1,0,0,0,0,0,5,0,0,68,427,8,7,0.875,77,1522,2414,145,1949,60.23396614,13
kura,eclipse/kura,https://github.com/eclipse/kura,Eclipse Kura邃? project - http://eclipse.org/kura,419,290,Java,2022-06-20T09:46:44Z,0,0,1,0,App,App,351738,237118,26424,0,0,0,0,0,0,0,0,0,0,0,0,246,121,0.4918699187,2671,37842,48226,2671,37842,8.294910417,246
lightweightm2m-iotagent,telefonicaid/lightweightm2m-iotagent,https://github.com/telefonicaid/lightweightm2m-iotagent,IoT Agent accepting COAP requests. Designed to be a bridge between the OMA Lightweight M2M protocol and the NGSI interface.,22,30,JavaScript,2022-06-23T12:36:09Z,0,0,1,0,Edge,Agent,6533,2349,166,0,0,0,0,0,0,0,5,0,0,25,352,0,0,0,0,0,0,25,352,17.55965909,5
synse-server,vapor-ware/synse-server,https://github.com/vapor-ware/synse-server,An HTTP API for monitoring and controlling physical and virtual devices,34,10,Python,2022-05-10T18:13:39Z,0,0,1,0,Device,Api,14440,10249,345,0,0,23,6,0.2608695652,348,5593,0,0,0,0,0,0,0,0,0,0,0,348,5593,1.581798677,23
upm,eclipse/upm,https://github.com/eclipse/upm,UPM is a high level repository that provides software drivers for a wide variety of commonly used sensors and actuators. These software drivers interact with the underlying hardware platform through calls to MRAA APIs.,629,410,C++,2021-07-23T20:02:23Z,0,0,0,1,App,Library,167349,48735,6543,1,1,7,0,0,9,163,1,0,0,4,18,0,0,0,0,0,0,13,181,923.5801105,8
Zwave2Mqtt,OpenZWave/Zwave2Mqtt,https://github.com/OpenZWave/Zwave2Mqtt,Fully configurable Zwave to MQTT gateway and Control Panel using NodeJS and Vue,346,96,JavaScript,2021-02-24T07:41:55Z,0,0,1,0,Edge,Edge,34497,5941,605,0,0,0,0,0,0,0,9,1,0.1111111111,89,561,0,0,0,0,0,0,89,561,60.49197861,9